gene,chromosome,start,end,strand,snp_pos,snp,wt_crispr,variant_crispr,wt_off_target,wt_efficiency,variant_off_target,variant_efficiency,dist_to_pam
NA (1),2L,8471339,8471361,+,8471348,G>C,AACAGCTAGgATCCAAGATCAGG,AACAGCTAGcATCCAAGATCAGG,0,5.56,1,7.56,10
NA (1),2L,8471348,8471326,-,8471348,C>G,cCTAGCTGTTTAAGAGCCACAGG,gCTAGCTGTTTAAGAGCCACAGG,0.01,4.80,1.01,4.60,19
NA (2),2R,19516783,19516805,+,19516783,T>A,tACCCACTTAGCCAACTGCCTGG,aACCCACTTAGCCAACTGCCTGG,0.1,3.80,0.01,3.93,19
NA (2),2R,19516794,19516772,-,19516783,A>T,GCTAAGTGGGTaAACTTCTCGGG,GCTAAGTGGGTtAACTTCTCGGG,0,4.90,0,5.27,8
NA (2),2R,19516795,19516773,-,19516783,A>T,GGCTAAGTGGGTaAACTTCTCGG,GGCTAAGTGGGTtAACTTCTCGG,0.01,5.33,0.01,5.13,7
NA (3),3L,14275672,14275694,+,14275690,T>G,CGTGCAACTGAAAACGCCtCTGG,CGTGCAACTGAAAACGCCgCTGG,0.02,5.70,0.02,5.54,1
NA (3),3L,14275672,14275694,+,14275690,T>C,CGTGCAACTGAAAACGCCtCTGG,CGTGCAACTGAAAACGCCcCTGG,0.02,5.70,1.2,5.63,1
NA (3),3L,14275673,14275695,+,14275690,T>G,GTGCAACTGAAAACGCCtCTGGG,GTGCAACTGAAAACGCCgCTGGG,0.02,5.82,0,5.72,2
NA (3),3L,14275673,14275695,+,14275690,T>C,GTGCAACTGAAAACGCCtCTGGG,GTGCAACTGAAAACGCCcCTGGG,0.02,5.82,0.01,5.61,2
NA (3),3L,14275678,14275700,+,14275690,T>G,ACTGAAAACGCCtCTGGGAATGG,ACTGAAAACGCCgCTGGGAATGG,0,3.90,0,4.80,7
NA (3),3L,14275678,14275700,+,14275690,T>C,ACTGAAAACGCCtCTGGGAATGG,ACTGAAAACGCCcCTGGGAATGG,0,3.90,0,4.03,7
NA (3),3L,14275679,14275701,+,14275690,T>G,CTGAAAACGCCtCTGGGAATGGG,CTGAAAACGCCgCTGGGAATGGG,0,9.34,0,8.95,8
NA (3),3L,14275679,14275701,+,14275690,T>C,CTGAAAACGCCtCTGGGAATGGG,CTGAAAACGCCcCTGGGAATGGG,0,9.34,0,9.14,8
NA (3),3L,14275710,14275688,-,14275690,A>C,AGTTCGTAGCCCATTCCCAGaGG,AGTTCGTAGCCCATTCCCAGcGG,0.01,8.95,0,8.95,-1
NA (3),3L,14275710,14275688,-,14275690,A>G,AGTTCGTAGCCCATTCCCAGaGG,AGTTCGTAGCCCATTCCCAGgGG,0.01,8.95,0,8.95,-1
