gene,chromosome,start,end,strand,variant_pos,variant,wt_crispr,variant_crispr,wt_off_target,wt_efficiency,variant_off_target,variant_efficiency,dist_to_pam
NA (snp1),2L,8471339,8471361,+,8471348,G>C,AACAGCTAGgATCCAAGATCAGG,AACAGCTAGcATCCAAGATCAGG,0,5.56,5.1,7.56,10
NA (snp1),2L,8471348,8471326,-,8471348,C>G,cCTAGCTGTTTAAGAGCCACAGG,gCTAGCTGTTTAAGAGCCACAGG,0.05,4.80,5.1,4.60,19
NA (snp2),3L,14275672,14275694,+,14275690,T>G,CGTGCAACTGAAAACGCCtCTGG,CGTGCAACTGAAAACGCCgCTGG,1.2,5.70,5.7,5.54,1
NA (snp3),3L,14275672,14275694,+,14275690,T>C,CGTGCAACTGAAAACGCCtCTGG,CGTGCAACTGAAAACGCCcCTGG,1.2,5.70,11.1,5.63,1
NA (snp2),3L,14275673,14275695,+,14275690,T>G,GTGCAACTGAAAACGCCtCTGGG,GTGCAACTGAAAACGCCgCTGGG,0.75,5.82,6.05,5.72,2
NA (snp3),3L,14275673,14275695,+,14275690,T>C,GTGCAACTGAAAACGCCtCTGGG,GTGCAACTGAAAACGCCcCTGGG,0.75,5.82,10.25,5.61,2
NA (snp2),3L,14275678,14275700,+,14275690,T>G,ACTGAAAACGCCtCTGGGAATGG,ACTGAAAACGCCgCTGGGAATGG,5.7,3.90,11.2,4.80,7
NA (snp3),3L,14275678,14275700,+,14275690,T>C,ACTGAAAACGCCtCTGGGAATGG,ACTGAAAACGCCcCTGGGAATGG,5.7,3.90,7.1,4.03,7
NA (snp2),3L,14275679,14275701,+,14275690,T>G,CTGAAAACGCCtCTGGGAATGGG,CTGAAAACGCCgCTGGGAATGGG,2.05,9.34,10.75,8.95,8
NA (snp3),3L,14275679,14275701,+,14275690,T>C,CTGAAAACGCCtCTGGGAATGGG,CTGAAAACGCCcCTGGGAATGGG,2.05,9.34,10.7,9.14,8
NA (indel1),2L,7310399,7310377,-,7310396,TCAGTTG>G,gttgCAGGATCTCAGGAAACAGG,GTTgCAGGATCTCAGGAAACAGG,5.2,5.27,5.2,5.27,16
NA (indel1),2L,7310406,7310384,-,7310396,TCAGTTG>G,AGTTtcagttgCAGGATCTCAGG,AGTTTCAGTTgCAGGATCTCAGG,0.55,5.82,0.55,5.82,9
NA (indel1),2L,7310414,7310392,-,7310396,TCAGTTG>G,GTAGTTTCAGTTtcagttgCAGG,CATCAGGTAGTTTCAGTTgCAGG,49.25,3.60,1.15,4.50,1
NA (indel2),2L,7310846,7310824,-,7310843,G>AACGGG,AGAgAACCCAGTCAAGAGACAGG,cgggAACCCAGTCAAGAGACAGG,0.55,4.20,9,4.39,16
NA (indel2),2L,7310865,7310843,-,7310843,G>AACGGG,AAAACGACAAAAAAAAAAAAGAg,GACAAAAAAAAAAAAGAaacggg,0,3.59,0,3.55,-3
NA (indel2),2L,7310866,7310844,-,7310843,G>AACGGG,AAAAACGACAAAAAAAAAAAAGA,CGACAAAAAAAAAAAAGAaacgg,0,4.14,0,3.90,-3
